{"stats":{"minecraft:custom":{"minecraft:jump":1,"minecraft:time_since_rest":161473,"minecraft:crouch_one_cm":490,"minecraft:leave_game":30,"minecraft:play_time":161473,"minecraft:time_since_death":161473,"minecraft:walk_one_cm":281,"minecraft:sneak_time":202,"minecraft:total_world_time":167861,"minecraft:fly_one_cm":546},"minecraft:used":{"minecraft:stripped_oak_log":55,"minecraft:stone":22},"minecraft:picked_up":{"minecraft:saddle":2,"minecraft:stone_axe":1,"minecraft:stone_hoe":1},"minecraft:mined":{"minecraft:grass_block":1}},"DataVersion":3955}